Nama,Gender,Kelas,IPA,IPS,MTK,Nilai_rata_rata
Andre,Male,5A,80,87,90,85.66666666666667
Andriana,Male,5A,78,88,90,85.33333333333333
Andri,Male,5A,90,78,86,84.66666666666667
Angel,Female,5A,90,80,90,86.66666666666667
Leona,Female,5B,80,98,100,92.66666666666667
Lenin,Male,6A,56,90,50,65.33333333333333
Stalin,Male,6B,80,78,50,69.33333333333333
